[{"model": "alynas.type", "pk": 1, "fields": {"name": "Dark", "detail": ""}}, {"model": "alynas.type", "pk": 2, "fields": {"name": "Light", "detail": ""}}, {"model": "alynas.beer", "pk": 1, "fields": {"name": "Dark past", "qty": 1000, "price": "5.00", "detail": "\"Dark Past\" is a hauntingly alluring brew that beckons you into the shadows of flavor. This enigmatic beer whispers secrets of roasted malt, its depths shrouded in the mysteries of chocolate and coffee notes. As you raise your glass to your lips, you'll feel an ancient, smoky embrace that transports you to a time when the night held secrets untold. Sip slowly, and let the intricate blend of malts and a touch of dark magic guide you through the enigmatic depths of \"Dark Past,\" where every swallow unveils a new layer of darkness..", "beer_type": 1}}, {"model": "alynas.beer", "pk": 2, "fields": {"name": "Shadowbane Stout", "qty": 1000, "price": "3.50", "detail": "Description: This obsidian elixir is brewed under the veil of the new moon, imparting a taste as dark as a sorcerer's heart. It possesses an otherworldly bitterness that beckons the shadows to dance upon your tongue.", "beer_type": 1}}, {"model": "alynas.beer", "pk": 3, "fields": {"name": "Witching Hour Wraith Ale", "qty": 1000, "price": "4.00", "detail": "Description: The Witching Hour Wraith Ale is a sinister potion that captures the essence of midnight rituals. Each sip is a journey into the abyss, a harmonious blend of roasted malts and the ghostly presence of blackberries.", "beer_type": 1}}, {"model": "alynas.beer", "pk": 4, "fields": {"name": "Cursed Cauldron Dark Porter", "qty": -6, "price": "50.00", "detail": "Description: Brewed in the cursed cauldrons of the underworld, this porter is as black as the depths of despair. With notes of charred oak and arcane spices, it awakens the darkest recesses of your soul.", "beer_type": 1}}, {"model": "alynas.beer", "pk": 5, "fields": {"name": "Necromancer's Obscura", "qty": 100, "price": "10.00", "detail": "Description: The Necromancer's Obscura is an enigmatic brew that whispers of forbidden knowledge. Its flavor is a fusion of forbidden fruits and burnt offerings, leaving an eerie warmth in its wake.", "beer_type": 1}}, {"model": "alynas.beer", "pk": 6, "fields": {"name": "Abyssal Sorcery Stout", "qty": 399, "price": "3.50", "detail": "Description: This eldritch potion is steeped in the deepest abyss of forbidden sorcery. With a pitch-black body and hints of licorice and black currant, it promises to unlock your inner darkness.", "beer_type": 1}}, {"model": "alynas.beer", "pk": 7, "fields": {"name": "Warlock's Ebon Elixir", "qty": 500, "price": "5.00", "detail": "Description: Crafted by warlocks during the lunar eclipse, this elixir enchants the senses with flavors of dark chocolate and blood oranges. Its essence captures the malevolent spirit of the arcane.", "beer_type": 1}}, {"model": "alynas.beer", "pk": 8, "fields": {"name": "Shadowcaster's Sinister Saison", "qty": 200, "price": "8.00", "detail": "Description: The Shadowcaster's Sinister Saison is a wicked brew that dances between realms. It boasts a haunting blend of spices and herbs, revealing secrets as ancient as the darkest shadows.", "beer_type": 1}}, {"model": "alynas.beer", "pk": 9, "fields": {"name": "Nightshade Alchemist Dark Ale", "qty": 996, "price": "4.00", "detail": "Description: A potion straight from the alchemist's secret vault, Nightshade Ale combines the essence of night-blooming flowers with a touch of forbidden herbs. It's a potion for those who dare to embrace the forbidden.", "beer_type": 1}}, {"model": "alynas.beer", "pk": 10, "fields": {"name": "Dark Enchanter's Draught", "qty": 1000, "price": "6.00", "detail": "Description: The Dark Enchanter's Draught is a bewitched brew that holds the power of forgotten enchantments. It possesses the essence of wild berries, cloaked in the mysteries of an enchanted forest.", "beer_type": 1}}, {"model": "alynas.beer", "pk": 11, "fields": {"name": "Wicked Warlord's Wheatwine", "qty": 0, "price": "9.00", "detail": "Description: The Wicked Warlord's Wheatwine is a treacherous elixir, aged in the darkest dungeons. With flavors of spiced honey and molasses, it lures you into a web of beguiling enchantment.", "beer_type": 1}}, {"model": "alynas.beer", "pk": 12, "fields": {"name": "Bloodmoon Witch's Bane", "qty": 150, "price": "20.00", "detail": "Description: The Bloodmoon Witch's Bane is a potion of perilous allure, brewed under the crimson moon. It carries the essence of forbidden orchids and blood oranges, a temptation for the senses.", "beer_type": 1}}, {"model": "alynas.beer", "pk": 13, "fields": {"name": "Cursed Chalice Chardonnay", "qty": 200, "price": "7.00", "detail": "Description: This cursed chalice of Chardonnay is an enchanting elixir that beckons from the abyss. Its flavors are as haunting as a ghost's kiss, with notes of ghost apples and charred oak.", "beer_type": 1}}, {"model": "alynas.beer", "pk": 14, "fields": {"name": "Nightshade Nocturne Lager", "qty": -6, "price": "6.50", "detail": "Description: The Nightshade Nocturne Lager is a chilling libation, capturing the essence of moonlit poison. It blends dark malts with hints of nightshade, leaving a haunting imprint on your soul.", "beer_type": 1}}, {"model": "alynas.beer", "pk": 15, "fields": {"name": "Enigmatic Eremite's Stout", "qty": 250, "price": "8.50", "detail": "Description: Brewed by reclusive hermits who dabble in the forbidden arts, this stout offers a journey into the unknown. Notes of elderberries and arcane herbs unfold like a dark incantation.", "beer_type": 1}}, {"model": "alynas.beer", "pk": 16, "fields": {"name": "Haunted Hollows Hefeweizen", "qty": 350, "price": "5.00", "detail": "Description: Haunted Hollows Hefeweizen is a mysterious elixir from the heart of spectral woods. Its flavors invoke visions of forgotten rituals, with hints of clove, banana, and spectral whispers.", "beer_type": 1}}, {"model": "alynas.beer", "pk": 17, "fields": {"name": "Phantom’s Ebon Ember Ale", "qty": 50, "price": "3.50", "detail": "Description: This sinister brew is a testament to the spectral fire that burns within. With dark roasted coffee notes and the smokiness of a witch's cauldron, it's a toast to the spirits of the beyond.", "beer_type": 1}}, {"model": "alynas.beer", "pk": 18, "fields": {"name": "Midnight Mage's Mead", "qty": 0, "price": "4.00", "detail": "Description: The Midnight Mage's Mead is a potion fit for wizards of the darkest hour. Infused with the essence of enchanted honey and blackberries, it promises a journey to the shadow realms.", "beer_type": 1}}, {"model": "alynas.beer", "pk": 19, "fields": {"name": "Wraithcaller's Whispering Wheat", "qty": 250, "price": "4.50", "detail": "Description: A wheat beer that beckons the spirits from the netherworld, the Wraithcaller's Whispering Wheat carries the haunting flavors of ghostly wheat fields and ethereal whispers.", "beer_type": 1}}, {"model": "alynas.beer", "pk": 20, "fields": {"name": "Forbidden Enchantress ESB", "qty": 500, "price": "2.00", "detail": "Description: The Forbidden Enchantress ESB is a bewitched brew, resonating with the energy of ancient enchantresses. Its flavor, a fusion of enchanted toffee and forbidden fruit, is an invitation to darkness.", "beer_type": 1}}, {"model": "alynas.beer", "pk": 21, "fields": {"name": "Blackheart Sorcerer's Saison", "qty": 500, "price": "9.00", "detail": "Description: The Blackheart Sorcerer's Saison is a brew that captures the essence of black magic. With mystical spices and the allure of black plums, it holds a charm that resonates with the depths of the soul.", "beer_type": 1}}, {"model": "alynas.beer", "pk": 22, "fields": {"name": "Dead-souls elixir", "qty": 20, "price": "50.00", "detail": "Only a being with a truly dark soul can drink this elixir. If there is even a little light in the soul, after drinking this you will plunge into the shadow realm.", "beer_type": 1}}, {"model": "alynas.beer", "pk": 23, "fields": {"name": "Chivalrous Elixir", "qty": 500, "price": "5.00", "detail": "Description: Crafted by noble knights, this golden brew is a testament to chivalry and courage. Its flavors blend the sweetness of honey and the essence of wildflowers, capturing the spirit of a knight's unwavering love for his lady.", "beer_type": 2}}, {"model": "alynas.beer", "pk": 24, "fields": {"name": "Lady's Grace Golden Ale", "qty": 250, "price": "4.50", "detail": "Description: The Lady's Grace Golden Ale is a radiant elixir that pays homage to the virtues of a knight's heart. It is imbued with the enchanting flavors of sun-kissed peaches and a touch of celestial magic.", "beer_type": 2}}, {"model": "alynas.beer", "pk": 25, "fields": {"name": "Paladin's Valor Pilsner", "qty": 0, "price": "6.00", "detail": "Description: A brew fit for paladins and champions, this Pilsner embodies the essence of valor and light magic. With notes of crisp citrus and the purity of mountain springs, it's a tribute to noble knights.", "beer_type": 2}}, {"model": "alynas.beer", "pk": 26, "fields": {"name": "Radiant Lance Lager", "qty": 250, "price": "6.00", "detail": "Description: The Radiant Lance Lager is a radiant elixir that shimmers with the light of a knight's unwavering devotion. Its flavor profile is a harmonious blend of golden grains and the delicate aroma of jasmine.", "beer_type": 2}}, {"model": "alynas.beer", "pk": 27, "fields": {"name": "Luminous Lady's Saison", "qty": 360, "price": "4.00", "detail": "Description: Brewed in honor of the radiant ladies who inspire knights, this Saison is a symbol of love and courage. It boasts a bouquet of rose petals and the refreshing essence of meadows.", "beer_type": 2}}, {"model": "alynas.beer", "pk": 28, "fields": {"name": "Knight's Enchantment ESB", "qty": 400, "price": "5.00", "detail": "Description: A beer that enchants the soul like a knight under a fair lady's spell, the Knight's Enchantment ESB combines the warmth of caramel malt with the grace of lavender blossoms.", "beer_type": 2}}, {"model": "alynas.beer", "pk": 29, "fields": {"name": "Sir Galahad's Golden Grail", "qty": 0, "price": "20.00", "detail": "Sir Galahad's Golden Grail is a beer that echoes the quest for noble purity. With flavors of golden wheat and celestial nectar, it's a tribute to the knight's relentless pursuit of a virtuous lady's heart.", "beer_type": 2}}, {"model": "alynas.beer", "pk": 30, "fields": {"name": "Valor's Heart Wheatwine", "qty": 150, "price": "8.00", "detail": "The Valor's Heart Wheatwine is a testament to a knight's inner strength and his deep love for a lady. With flavors of candied apricot and the embrace of sun-ripened grains, it's a treasure of the heart.", "beer_type": 2}}, {"model": "alynas.beer", "pk": 31, "fields": {"name": "Chalice of Devotion Dunkel", "qty": 250, "price": "4.00", "detail": "Description: The Chalice of Devotion Dunkel is a brew of unwavering loyalty and love. It combines the rich embrace of chocolate malt with a hint of enchanting vanilla, reminiscent of a knight's devotion to his lady fair.", "beer_type": 2}}, {"model": "alynas.beer", "pk": 32, "fields": {"name": "Graceful Guardian Golden Stout", "qty": 250, "price": "6.00", "detail": "Description: This golden stout is a tribute to the grace and guardianship of knights. It holds flavors of hazelnut and the gentle warmth of moonlit courtyards, embodying a knight's enduring affection for his lady.", "beer_type": 2}}, {"model": "alynas.beer", "pk": 33, "fields": {"name": "Lancelot's Radiant Reserve", "qty": 0, "price": "6.00", "detail": "Description: Lancelot's Radiant Reserve is a magical elixir that captures the light of a knight's devotion. With hints of sun-drenched plums and a touch of celestial honey, it's a symbol of unyielding love.", "beer_type": 2}}, {"model": "alynas.beer", "pk": 34, "fields": {"name": "Lady's Laurel Ale", "qty": 2000, "price": "3.50", "detail": "Description: The Lady's Laurel Ale is a brew that reflects the honor bestowed upon knights. It offers the flavors of sweet laurel leaves and a whisper of meadow blossoms, symbolizing the love of a knight for his lady.", "beer_type": 2}}, {"model": "alynas.beer", "pk": 35, "fields": {"name": "Gallant Grail Gose", "qty": 3000, "price": "3.80", "detail": "The Gallant Grail Gose is a mystical potion that invokes a knight's quest for his lady's favor. It combines the essence of sea salt and the purity of spring blossoms, leaving a taste of devotion on the tongue.", "beer_type": 2}}, {"model": "alynas.beer", "pk": 36, "fields": {"name": "Enchanted Embrace Elixir", "qty": 0, "price": "6.00", "detail": "Description: An elixir that embodies the enchanting embrace of knights and their beloved ladies, it carries flavors of caramelized figs and the essence of moonlit gardens, weaving tales of love and valor", "beer_type": 2}}, {"model": "alynas.beer", "pk": 37, "fields": {"name": "Celestial Courtship Cream Ale", "qty": 50, "price": "10.00", "detail": "Description: The Celestial Courtship Cream Ale is a radiant brew that symbolizes the celestial bond between a knight and his lady. Its flavors marry the sweetness of cream with the delicate notes of stardust.", "beer_type": 2}}, {"model": "alynas.beer", "pk": 38, "fields": {"name": "Love's Luster Lager", "qty": 3000, "price": "5.00", "detail": "Love's Luster Lager is a golden elixir that glistens with the brilliance of chivalry. Its flavors are a harmonious blend of sun-kissed grains and the gentle caress of a lady's affection.", "beer_type": 2}}, {"model": "alynas.beer", "pk": 39, "fields": {"name": "Noble Knight's Nectar", "qty": 700, "price": "7.00", "detail": "Description: A nectar fit for noble knights, this elixir embodies the essence of valor and light. With notes of golden apples and the sweetness of honeysuckle, it's a tribute to chivalry's luminous spirit.", "beer_type": 2}}, {"model": "alynas.beer", "pk": 40, "fields": {"name": "Radiant Rosemary Reserve", "qty": 456, "price": "4.50", "detail": "Description: The Radiant Rosemary Reserve is a brew inspired by a knight's love for his lady. It blends the enchanting flavors of rosemary and the gentle kiss of spring blossoms, embodying the essence of courtly love.", "beer_type": 2}}, {"model": "alynas.beer", "pk": 41, "fields": {"name": "Lady's Knightlight Kölsch", "qty": 250, "price": "12.00", "detail": "The Lady's Knightlight Kölsch is a radiant brew that captures the essence of a knight's unwavering loyalty. It offers the flavors of crisp pears and the delicate touch of a lady's grace.", "beer_type": 2}}, {"model": "alynas.beer", "pk": 42, "fields": {"name": "Moonlit Serenade Saison", "qty": 592, "price": "9.00", "detail": "The Moonlit Serenade Saison is a brew of ethereal romance, inspired by moonlit courtyards and knightly serenades. With notes of lavender and the enchantment of starlight, it evokes the inner courage and love of a knight for his lady.", "beer_type": 2}}, {"model": "alynas.order", "pk": 1, "fields": {"date": "2023-10-19T09:04:24.486Z", "drinker": 1, "status": 0}}, {"model": "alynas.order", "pk": 2, "fields": {"date": "2023-10-19T11:29:08.543Z", "drinker": 1, "status": 2}}, {"model": "alynas.orderline", "pk": 1, "fields": {"qty": 6, "price": "300.00", "status": 1, "beer": 4, "order": 1}}, {"model": "alynas.orderline", "pk": 2, "fields": {"qty": 4, "price": "16.00", "status": 1, "beer": 9, "order": 1}}, {"model": "alynas.orderline", "pk": 3, "fields": {"qty": 6, "price": "39.00", "status": 1, "beer": 14, "order": 1}}, {"model": "alynas.orderline", "pk": 4, "fields": {"qty": 8, "price": "72.00", "status": 1, "beer": 42, "order": 1}}, {"model": "alynas.orderline", "pk": 5, "fields": {"qty": 50, "price": "2500.00", "status": 1, "beer": 4, "order": 2}}, {"model": "alynas.orderline", "pk": 6, "fields": {"qty": 1, "price": "3.50", "status": 1, "beer": 6, "order": 2}}, {"model": "user_profile.profile", "pk": 1, "fields": {"user": 1, "photo": "user/profile/img/drunk_master.jpg"}}, {"model": "admin.logentry", "pk": 1, "fields": {"action_time": "2023-10-17T10:39:20.772Z", "user": 1, "content_type": 1, "object_id": "1", "object_repr": "dark", "action_flag": 1, "change_message": "[{\"added\": {}}]"}}, {"model": "admin.logentry", "pk": 2, "fields": {"action_time": "2023-10-17T10:39:24.549Z", "user": 1, "content_type": 3, "object_id": "1", "object_repr": "Dark past", "action_flag": 1, "change_message": "[{\"added\": {}}]"}}, {"model": "admin.logentry", "pk": 3, "fields": {"action_time": "2023-10-17T12:35:03.079Z", "user": 1, "content_type": 1, "object_id": "1", "object_repr": "Dark", "action_flag": 2, "change_message": "[{\"changed\": {\"fields\": [\"Name\"]}}]"}}, {"model": "admin.logentry", "pk": 4, "fields": {"action_time": "2023-10-17T12:35:09.879Z", "user": 1, "content_type": 1, "object_id": "2", "object_repr": "Light", "action_flag": 1, "change_message": "[{\"added\": {}}]"}}, {"model": "admin.logentry", "pk": 5, "fields": {"action_time": "2023-10-18T06:23:46.427Z", "user": 1, "content_type": 3, "object_id": "2", "object_repr": "Shadowbane Stout", "action_flag": 1, "change_message": "[{\"added\": {}}]"}}, {"model": "admin.logentry", "pk": 6, "fields": {"action_time": "2023-10-18T06:24:59.405Z", "user": 1, "content_type": 3, "object_id": "3", "object_repr": "Witching Hour Wraith Ale", "action_flag": 1, "change_message": "[{\"added\": {}}]"}}, {"model": "admin.logentry", "pk": 7, "fields": {"action_time": "2023-10-18T06:25:45.952Z", "user": 1, "content_type": 3, "object_id": "4", "object_repr": "Cursed Cauldron Dark Porter", "action_flag": 1, "change_message": "[{\"added\": {}}]"}}, {"model": "admin.logentry", "pk": 8, "fields": {"action_time": "2023-10-18T06:26:38.290Z", "user": 1, "content_type": 3, "object_id": "5", "object_repr": "Necromancer's Obscura", "action_flag": 1, "change_message": "[{\"added\": {}}]"}}, {"model": "admin.logentry", "pk": 9, "fields": {"action_time": "2023-10-18T06:29:06.299Z", "user": 1, "content_type": 3, "object_id": "6", "object_repr": "Abyssal Sorcery Stout", "action_flag": 1, "change_message": "[{\"added\": {}}]"}}, {"model": "admin.logentry", "pk": 10, "fields": {"action_time": "2023-10-18T06:29:34.934Z", "user": 1, "content_type": 3, "object_id": "7", "object_repr": "Warlock's Ebon Elixir", "action_flag": 1, "change_message": "[{\"added\": {}}]"}}, {"model": "admin.logentry", "pk": 11, "fields": {"action_time": "2023-10-18T06:31:16.678Z", "user": 1, "content_type": 3, "object_id": "8", "object_repr": "Shadowcaster's Sinister Saison", "action_flag": 1, "change_message": "[{\"added\": {}}]"}}, {"model": "admin.logentry", "pk": 12, "fields": {"action_time": "2023-10-18T06:32:26.045Z", "user": 1, "content_type": 3, "object_id": "9", "object_repr": "Nightshade Alchemist Dark Ale", "action_flag": 1, "change_message": "[{\"added\": {}}]"}}, {"model": "admin.logentry", "pk": 13, "fields": {"action_time": "2023-10-18T06:32:49.412Z", "user": 1, "content_type": 3, "object_id": "10", "object_repr": "Dark Enchanter's Draught", "action_flag": 1, "change_message": "[{\"added\": {}}]"}}, {"model": "admin.logentry", "pk": 14, "fields": {"action_time": "2023-10-18T06:33:44.694Z", "user": 1, "content_type": 3, "object_id": "11", "object_repr": "Wicked Warlord's Wheatwine", "action_flag": 1, "change_message": "[{\"added\": {}}]"}}, {"model": "admin.logentry", "pk": 15, "fields": {"action_time": "2023-10-18T06:35:00.215Z", "user": 1, "content_type": 3, "object_id": "12", "object_repr": "Bloodmoon Witch's Bane", "action_flag": 1, "change_message": "[{\"added\": {}}]"}}, {"model": "admin.logentry", "pk": 16, "fields": {"action_time": "2023-10-18T06:35:29.295Z", "user": 1, "content_type": 3, "object_id": "13", "object_repr": "Cursed Chalice Chardonnay", "action_flag": 1, "change_message": "[{\"added\": {}}]"}}, {"model": "admin.logentry", "pk": 17, "fields": {"action_time": "2023-10-18T06:35:53.345Z", "user": 1, "content_type": 3, "object_id": "14", "object_repr": "Nightshade Nocturne Lager", "action_flag": 1, "change_message": "[{\"added\": {}}]"}}, {"model": "admin.logentry", "pk": 18, "fields": {"action_time": "2023-10-18T06:36:21.508Z", "user": 1, "content_type": 3, "object_id": "15", "object_repr": "Enigmatic Eremite's Stout", "action_flag": 1, "change_message": "[{\"added\": {}}]"}}, {"model": "admin.logentry", "pk": 19, "fields": {"action_time": "2023-10-18T06:37:08.799Z", "user": 1, "content_type": 3, "object_id": "16", "object_repr": "Haunted Hollows Hefeweizen", "action_flag": 1, "change_message": "[{\"added\": {}}]"}}, {"model": "admin.logentry", "pk": 20, "fields": {"action_time": "2023-10-18T06:37:58.888Z", "user": 1, "content_type": 3, "object_id": "17", "object_repr": "Phantom’s Ebon Ember Ale", "action_flag": 1, "change_message": "[{\"added\": {}}]"}}, {"model": "admin.logentry", "pk": 21, "fields": {"action_time": "2023-10-18T06:38:25.034Z", "user": 1, "content_type": 3, "object_id": "18", "object_repr": "Midnight Mage's Mead", "action_flag": 1, "change_message": "[{\"added\": {}}]"}}, {"model": "admin.logentry", "pk": 22, "fields": {"action_time": "2023-10-18T06:40:23.757Z", "user": 1, "content_type": 3, "object_id": "19", "object_repr": "Wraithcaller's Whispering Wheat", "action_flag": 1, "change_message": "[{\"added\": {}}]"}}, {"model": "admin.logentry", "pk": 23, "fields": {"action_time": "2023-10-18T06:41:19.538Z", "user": 1, "content_type": 3, "object_id": "20", "object_repr": "Forbidden Enchantress ESB", "action_flag": 1, "change_message": "[{\"added\": {}}]"}}, {"model": "admin.logentry", "pk": 24, "fields": {"action_time": "2023-10-18T06:41:56.226Z", "user": 1, "content_type": 3, "object_id": "21", "object_repr": "Blackheart Sorcerer's Saison", "action_flag": 1, "change_message": "[{\"added\": {}}]"}}, {"model": "admin.logentry", "pk": 25, "fields": {"action_time": "2023-10-18T06:48:28.683Z", "user": 1, "content_type": 3, "object_id": "22", "object_repr": "Dead-souls elixir", "action_flag": 1, "change_message": "[{\"added\": {}}]"}}, {"model": "admin.logentry", "pk": 26, "fields": {"action_time": "2023-10-18T06:54:59.875Z", "user": 1, "content_type": 3, "object_id": "23", "object_repr": "Chivalrous Elixir", "action_flag": 1, "change_message": "[{\"added\": {}}]"}}, {"model": "admin.logentry", "pk": 27, "fields": {"action_time": "2023-10-18T06:55:25.182Z", "user": 1, "content_type": 3, "object_id": "24", "object_repr": "Lady's Grace Golden Ale", "action_flag": 1, "change_message": "[{\"added\": {}}]"}}, {"model": "admin.logentry", "pk": 28, "fields": {"action_time": "2023-10-18T06:56:00.429Z", "user": 1, "content_type": 3, "object_id": "25", "object_repr": "Paladin's Valor Pilsner", "action_flag": 1, "change_message": "[{\"added\": {}}]"}}, {"model": "admin.logentry", "pk": 29, "fields": {"action_time": "2023-10-18T06:56:17.624Z", "user": 1, "content_type": 3, "object_id": "26", "object_repr": "Radiant Lance Lager", "action_flag": 1, "change_message": "[{\"added\": {}}]"}}, {"model": "admin.logentry", "pk": 30, "fields": {"action_time": "2023-10-18T06:56:39.734Z", "user": 1, "content_type": 3, "object_id": "27", "object_repr": "Luminous Lady's Saison", "action_flag": 1, "change_message": "[{\"added\": {}}]"}}, {"model": "admin.logentry", "pk": 31, "fields": {"action_time": "2023-10-18T06:57:07.326Z", "user": 1, "content_type": 3, "object_id": "28", "object_repr": "Knight's Enchantment ESB", "action_flag": 1, "change_message": "[{\"added\": {}}]"}}, {"model": "admin.logentry", "pk": 32, "fields": {"action_time": "2023-10-18T06:58:05.784Z", "user": 1, "content_type": 3, "object_id": "29", "object_repr": "Sir Galahad's Golden Grail", "action_flag": 1, "change_message": "[{\"added\": {}}]"}}, {"model": "admin.logentry", "pk": 33, "fields": {"action_time": "2023-10-18T06:58:31.638Z", "user": 1, "content_type": 3, "object_id": "30", "object_repr": "Valor's Heart Wheatwine", "action_flag": 1, "change_message": "[{\"added\": {}}]"}}, {"model": "admin.logentry", "pk": 34, "fields": {"action_time": "2023-10-18T06:58:52.977Z", "user": 1, "content_type": 3, "object_id": "31", "object_repr": "Chalice of Devotion Dunkel", "action_flag": 1, "change_message": "[{\"added\": {}}]"}}, {"model": "admin.logentry", "pk": 35, "fields": {"action_time": "2023-10-18T06:59:58.727Z", "user": 1, "content_type": 3, "object_id": "32", "object_repr": "Graceful Guardian Golden Stout", "action_flag": 1, "change_message": "[{\"added\": {}}]"}}, {"model": "admin.logentry", "pk": 36, "fields": {"action_time": "2023-10-18T07:00:26.547Z", "user": 1, "content_type": 3, "object_id": "33", "object_repr": "Lancelot's Radiant Reserve", "action_flag": 1, "change_message": "[{\"added\": {}}]"}}, {"model": "admin.logentry", "pk": 37, "fields": {"action_time": "2023-10-18T07:01:15.449Z", "user": 1, "content_type": 3, "object_id": "34", "object_repr": "Lady's Laurel Ale", "action_flag": 1, "change_message": "[{\"added\": {}}]"}}, {"model": "admin.logentry", "pk": 38, "fields": {"action_time": "2023-10-18T07:01:57.863Z", "user": 1, "content_type": 3, "object_id": "35", "object_repr": "Gallant Grail Gose", "action_flag": 1, "change_message": "[{\"added\": {}}]"}}, {"model": "admin.logentry", "pk": 39, "fields": {"action_time": "2023-10-18T07:02:37.299Z", "user": 1, "content_type": 3, "object_id": "36", "object_repr": "Enchanted Embrace Elixir", "action_flag": 1, "change_message": "[{\"added\": {}}]"}}, {"model": "admin.logentry", "pk": 40, "fields": {"action_time": "2023-10-18T07:03:00.965Z", "user": 1, "content_type": 3, "object_id": "37", "object_repr": "Celestial Courtship Cream Ale", "action_flag": 1, "change_message": "[{\"added\": {}}]"}}, {"model": "admin.logentry", "pk": 41, "fields": {"action_time": "2023-10-18T07:03:19.215Z", "user": 1, "content_type": 3, "object_id": "38", "object_repr": "Love's Luster Lager", "action_flag": 1, "change_message": "[{\"added\": {}}]"}}, {"model": "admin.logentry", "pk": 42, "fields": {"action_time": "2023-10-18T07:03:50.475Z", "user": 1, "content_type": 3, "object_id": "39", "object_repr": "Noble Knight's Nectar", "action_flag": 1, "change_message": "[{\"added\": {}}]"}}, {"model": "admin.logentry", "pk": 43, "fields": {"action_time": "2023-10-18T07:04:23.607Z", "user": 1, "content_type": 3, "object_id": "40", "object_repr": "Radiant Rosemary Reserve", "action_flag": 1, "change_message": "[{\"added\": {}}]"}}, {"model": "admin.logentry", "pk": 44, "fields": {"action_time": "2023-10-18T07:04:57.094Z", "user": 1, "content_type": 3, "object_id": "41", "object_repr": "Lady's Knightlight Kölsch", "action_flag": 1, "change_message": "[{\"added\": {}}]"}}, {"model": "admin.logentry", "pk": 45, "fields": {"action_time": "2023-10-18T07:05:22.544Z", "user": 1, "content_type": 3, "object_id": "42", "object_repr": "Moonlit Serenade Saison", "action_flag": 1, "change_message": "[{\"added\": {}}]"}}, {"model": "admin.logentry", "pk": 46, "fields": {"action_time": "2023-10-19T11:29:49.540Z", "user": 1, "content_type": 2, "object_id": "2", "object_repr": "2, 2023-10-19 11:29:08.543922+00:00, completed", "action_flag": 2, "change_message": "[{\"changed\": {\"fields\": [\"Status\"]}}]"}}, {"model": "auth.permission", "pk": 1, "fields": {"name": "Can add type", "content_type": 1, "codename": "add_type"}}, {"model": "auth.permission", "pk": 2, "fields": {"name": "Can change type", "content_type": 1, "codename": "change_type"}}, {"model": "auth.permission", "pk": 3, "fields": {"name": "Can delete type", "content_type": 1, "codename": "delete_type"}}, {"model": "auth.permission", "pk": 4, "fields": {"name": "Can view type", "content_type": 1, "codename": "view_type"}}, {"model": "auth.permission", "pk": 5, "fields": {"name": "Can add order", "content_type": 2, "codename": "add_order"}}, {"model": "auth.permission", "pk": 6, "fields": {"name": "Can change order", "content_type": 2, "codename": "change_order"}}, {"model": "auth.permission", "pk": 7, "fields": {"name": "Can delete order", "content_type": 2, "codename": "delete_order"}}, {"model": "auth.permission", "pk": 8, "fields": {"name": "Can view order", "content_type": 2, "codename": "view_order"}}, {"model": "auth.permission", "pk": 9, "fields": {"name": "Can add beer", "content_type": 3, "codename": "add_beer"}}, {"model": "auth.permission", "pk": 10, "fields": {"name": "Can change beer", "content_type": 3, "codename": "change_beer"}}, {"model": "auth.permission", "pk": 11, "fields": {"name": "Can delete beer", "content_type": 3, "codename": "delete_beer"}}, {"model": "auth.permission", "pk": 12, "fields": {"name": "Can view beer", "content_type": 3, "codename": "view_beer"}}, {"model": "auth.permission", "pk": 13, "fields": {"name": "Can add profile", "content_type": 4, "codename": "add_profile"}}, {"model": "auth.permission", "pk": 14, "fields": {"name": "Can change profile", "content_type": 4, "codename": "change_profile"}}, {"model": "auth.permission", "pk": 15, "fields": {"name": "Can delete profile", "content_type": 4, "codename": "delete_profile"}}, {"model": "auth.permission", "pk": 16, "fields": {"name": "Can view profile", "content_type": 4, "codename": "view_profile"}}, {"model": "auth.permission", "pk": 17, "fields": {"name": "Can add log entry", "content_type": 5, "codename": "add_logentry"}}, {"model": "auth.permission", "pk": 18, "fields": {"name": "Can change log entry", "content_type": 5, "codename": "change_logentry"}}, {"model": "auth.permission", "pk": 19, "fields": {"name": "Can delete log entry", "content_type": 5, "codename": "delete_logentry"}}, {"model": "auth.permission", "pk": 20, "fields": {"name": "Can view log entry", "content_type": 5, "codename": "view_logentry"}}, {"model": "auth.permission", "pk": 21, "fields": {"name": "Can add permission", "content_type": 6, "codename": "add_permission"}}, {"model": "auth.permission", "pk": 22, "fields": {"name": "Can change permission", "content_type": 6, "codename": "change_permission"}}, {"model": "auth.permission", "pk": 23, "fields": {"name": "Can delete permission", "content_type": 6, "codename": "delete_permission"}}, {"model": "auth.permission", "pk": 24, "fields": {"name": "Can view permission", "content_type": 6, "codename": "view_permission"}}, {"model": "auth.permission", "pk": 25, "fields": {"name": "Can add group", "content_type": 7, "codename": "add_group"}}, {"model": "auth.permission", "pk": 26, "fields": {"name": "Can change group", "content_type": 7, "codename": "change_group"}}, {"model": "auth.permission", "pk": 27, "fields": {"name": "Can delete group", "content_type": 7, "codename": "delete_group"}}, {"model": "auth.permission", "pk": 28, "fields": {"name": "Can view group", "content_type": 7, "codename": "view_group"}}, {"model": "auth.permission", "pk": 29, "fields": {"name": "Can add user", "content_type": 8, "codename": "add_user"}}, {"model": "auth.permission", "pk": 30, "fields": {"name": "Can change user", "content_type": 8, "codename": "change_user"}}, {"model": "auth.permission", "pk": 31, "fields": {"name": "Can delete user", "content_type": 8, "codename": "delete_user"}}, {"model": "auth.permission", "pk": 32, "fields": {"name": "Can view user", "content_type": 8, "codename": "view_user"}}, {"model": "auth.permission", "pk": 33, "fields": {"name": "Can add content type", "content_type": 9, "codename": "add_contenttype"}}, {"model": "auth.permission", "pk": 34, "fields": {"name": "Can change content type", "content_type": 9, "codename": "change_contenttype"}}, {"model": "auth.permission", "pk": 35, "fields": {"name": "Can delete content type", "content_type": 9, "codename": "delete_contenttype"}}, {"model": "auth.permission", "pk": 36, "fields": {"name": "Can view content type", "content_type": 9, "codename": "view_contenttype"}}, {"model": "auth.permission", "pk": 37, "fields": {"name": "Can add session", "content_type": 10, "codename": "add_session"}}, {"model": "auth.permission", "pk": 38, "fields": {"name": "Can change session", "content_type": 10, "codename": "change_session"}}, {"model": "auth.permission", "pk": 39, "fields": {"name": "Can delete session", "content_type": 10, "codename": "delete_session"}}, {"model": "auth.permission", "pk": 40, "fields": {"name": "Can view session", "content_type": 10, "codename": "view_session"}}, {"model": "auth.permission", "pk": 41, "fields": {"name": "Can add purchase", "content_type": 11, "codename": "add_purchase"}}, {"model": "auth.permission", "pk": 42, "fields": {"name": "Can change purchase", "content_type": 11, "codename": "change_purchase"}}, {"model": "auth.permission", "pk": 43, "fields": {"name": "Can delete purchase", "content_type": 11, "codename": "delete_purchase"}}, {"model": "auth.permission", "pk": 44, "fields": {"name": "Can view purchase", "content_type": 11, "codename": "view_purchase"}}, {"model": "auth.permission", "pk": 45, "fields": {"name": "Can add orderline", "content_type": 12, "codename": "add_orderline"}}, {"model": "auth.permission", "pk": 46, "fields": {"name": "Can change orderline", "content_type": 12, "codename": "change_orderline"}}, {"model": "auth.permission", "pk": 47, "fields": {"name": "Can delete orderline", "content_type": 12, "codename": "delete_orderline"}}, {"model": "auth.permission", "pk": 48, "fields": {"name": "Can view orderline", "content_type": 12, "codename": "view_orderline"}}, {"model": "auth.user", "pk": 1, "fields": {"password": "pbkdf2_sha256$600000$YqbORKYEmOMWBOPg3XzolO$J8mR2jh7/X93Ks/7lP9r51xHJBXugVgpk3HSKJeUzuc=", "last_login": "2023-10-18T05:34:00.397Z", "is_superuser": true, "username": "juliusbutkus", "first_name": "Julius", "last_name": "Butkus", "email": "j.butkus.skouds@email.com", "is_staff": true, "is_active": true, "date_joined": "2023-10-17T06:53:11.245Z", "groups": [], "user_permissions": []}}, {"model": "contenttypes.contenttype", "pk": 1, "fields": {"app_label": "alynas", "model": "type"}}, {"model": "contenttypes.contenttype", "pk": 2, "fields": {"app_label": "alynas", "model": "order"}}, {"model": "contenttypes.contenttype", "pk": 3, "fields": {"app_label": "alynas", "model": "beer"}}, {"model": "contenttypes.contenttype", "pk": 4, "fields": {"app_label": "user_profile", "model": "profile"}}, {"model": "contenttypes.contenttype", "pk": 5, "fields": {"app_label": "admin", "model": "logentry"}}, {"model": "contenttypes.contenttype", "pk": 6, "fields": {"app_label": "auth", "model": "permission"}}, {"model": "contenttypes.contenttype", "pk": 7, "fields": {"app_label": "auth", "model": "group"}}, {"model": "contenttypes.contenttype", "pk": 8, "fields": {"app_label": "auth", "model": "user"}}, {"model": "contenttypes.contenttype", "pk": 9, "fields": {"app_label": "contenttypes", "model": "contenttype"}}, {"model": "contenttypes.contenttype", "pk": 10, "fields": {"app_label": "sessions", "model": "session"}}, {"model": "contenttypes.contenttype", "pk": 11, "fields": {"app_label": "alynas", "model": "purchase"}}, {"model": "contenttypes.contenttype", "pk": 12, "fields": {"app_label": "alynas", "model": "orderline"}}, {"model": "sessions.session", "pk": "chp0x1yof9wexkz42r8tmfxvxdn55gl3", "fields": {"session_data": "eyJudW1fdmlzaXRzIjoxNX0:1qtODQ:rxHidvia6s6W7eaf75Tam1FPGBa-A1JkEPaFSRpKoN4", "expire_date": "2023-11-02T08:17:12.005Z"}}]